time (s), mass (kg), angle, angle of attack, speed (m/s), mach, Cd, Gs, distance (m), altitude (m), thrust magnitude (N), drag magnitude (N), acc_x (m/s^2), acc_y (m/s^2), thrust_x (N), thrust_y (N), drag_x (N), drag_y (N), vel_x (m/s), vel_y (m/s), air_density (kg/m^3), speed of sound (m/s)
0.000000,6.397400,85.000000,0.000000,0.000000,0.000000,0.750000,0.000000,0.000000,330.000000,850.823000,0.000000,0.000000,0.000000,74.154111,847.585362,0.000000,0.000000,0.000000,0.000000,1.186660,339.025000
1.000010,6.205482,82.254212,79.850010,117.327182,0.352158,0.750000,11.756577,7.911149,390.301644,806.669602,31.019149,16.640190,114.125274,108.683501,799.314546,-5.471217,-30.532825,15.813133,116.256667,1.179755,338.792793
2.000020,6.173865,81.892886,80.636317,224.965211,0.670680,0.775130,10.469978,31.898836,561.652742,808.648524,115.170597,15.446702,101.542318,114.021628,800.569487,-18.741553,-113.635473,31.725527,222.716944,1.160298,338.131389
3.000030,6.142247,81.707313,80.816719,317.561416,0.947368,0.913122,5.495163,71.347444,834.906946,652.558937,262.720194,8.517285,53.230435,94.110869,645.737029,-41.928696,-259.352820,45.801851,314.241059,1.129780,337.074372
4.000040,6.110629,81.595803,80.762471,339.328956,1.015863,1.040094,2.318683,120.146706,1167.309250,251.408090,330.621182,-2.683148,-22.587472,36.742305,248.708726,-53.069182,-326.334227,49.594794,335.685116,1.093493,335.783763
5.000050,6.079012,81.462021,80.543803,307.768160,0.925447,0.875572,3.612965,167.921097,1488.283802,65.999568,221.922996,-4.398556,-35.169196,9.797700,65.268278,-36.455411,-218.908244,45.692789,304.357371,1.059300,334.532865
6.000060,6.047394,81.271307,80.233586,272.079469,0.821700,0.799297,3.589288,211.423344,1774.999792,0.000000,153.995601,-4.324701,-34.944315,0.000000,0.000000,-26.117928,-151.764617,41.289645,268.928248,1.029455,333.412001
7.000070,6.015776,81.027713,79.853982,240.275430,0.728699,0.784598,2.941990,250.716273,2027.533883,0.000000,115.055984,-3.372496,-28.663197,0.000000,0.000000,-20.263902,-113.257467,37.472569,237.335393,1.003707,332.420864
8.000080,6.000000,80.725787,79.408665,213.816842,0.651089,0.772334,2.483197,286.618116,2251.279019,0.000000,87.787089,-2.691570,-24.211011,0.000000,0.000000,-16.131880,-86.292152,34.458647,211.021903,0.981308,331.540884
9.000090,6.000000,80.357110,78.887017,191.238241,0.584679,0.761840,2.146261,319.816489,2450.732133,0.000000,67.976468,-2.185318,-20.941103,0.000000,0.000000,-13.098796,-66.702486,32.033705,188.536221,0.961665,330.754071
10.000100,6.000000,79.910706,78.275229,171.533897,0.526586,0.752662,1.894052,350.821634,2629.190019,0.000000,53.143289,-1.801064,-18.493156,0.000000,0.000000,-10.796274,-52.035081,30.049783,168.881285,0.944345,330.048240
11.000110,6.000000,79.372037,77.555126,153.994683,0.474773,0.750000,1.705738,380.019480,2789.113576,0.000000,42.069182,-1.511787,-16.664857,0.000000,0.000000,-9.063115,-41.081334,28.401400,151.352974,0.929028,329.415546
12.000120,6.000000,78.721568,76.702323,138.098935,0.427751,0.750000,1.558696,407.702320,2932.348902,0.000000,33.419143,-1.281727,-15.236997,0.000000,0.000000,-7.684110,-32.523739,27.008975,135.432017,0.915472,328.846604
13.000130,6.000000,77.931622,75.683813,123.521962,0.384607,0.750000,1.440529,434.101173,3060.330082,0.000000,26.466754,-1.091206,-14.089396,0.000000,0.000000,-6.542013,-25.645489,25.825834,120.791975,0.903488,328.337680
14.000140,6.000000,76.963677,74.454282,110.021305,0.344669,0.750000,1.344791,459.407164,3174.208683,0.000000,20.833491,-0.930930,-13.159516,0.000000,0.000000,-5.581155,-20.071997,24.817365,107.185754,0.892926,327.885165
15.000150,6.000000,75.762894,72.950100,97.411368,0.307444,0.750000,1.266831,483.780993,3274.917373,0.000000,16.246142,-0.794164,-12.402215,0.000000,0.000000,-4.761180,-15.532813,23.956881,94.419502,0.883663,327.483331
16.000160,6.000000,74.248882,71.079544,85.550558,0.272574,0.750000,1.203232,507.359738,3363.215439,0.000000,12.504207,-0.675950,-11.784340,0.000000,0.000000,-4.052393,-11.829340,23.223489,82.338129,0.875603,327.131138
17.000170,6.000000,72.299591,68.706408,74.334243,0.239830,0.750000,1.151450,530.261836,3439.722186,0.000000,9.458553,-0.572614,-11.281201,0.000000,0.000000,-3.432781,-8.813640,22.600573,70.815209,0.868665,326.825111
18.000180,6.000000,69.721897,65.621642,63.693399,0.209116,0.750000,1.109568,552.590780,3504.941778,0.000000,6.997354,-0.481473,-10.874212,0.000000,0.000000,-2.886265,-6.374358,22.074679,59.745775,0.862784,326.564233
19.000190,6.000000,66.195202,61.493265,53.601166,0.180505,0.750000,1.076131,574.437812,3559.281944,0.000000,5.036400,-0.400684,-10.549238,0.000000,0.000000,-2.401827,-4.426799,21.634606,49.041094,0.857907,326.346872
20.000200,6.000000,61.158586,55.778555,44.094406,0.154310,0.750000,1.050013,595.883753,3603.068188,0.000000,3.512488,-0.329281,-10.295362,0.000000,0.000000,-1.973684,-2.905536,21.270566,38.624858,0.853993,326.171727
21.000210,6.000000,53.583803,47.586198,35.329455,0.131228,0.750000,1.030304,616.999952,3636.554787,0.000000,2.378744,-0.267434,-10.103746,0.000000,0.000000,-1.602908,-1.757586,20.973204,28.430531,0.851009,326.037781
22.000220,6.000000,41.589343,35.566955,27.719700,0.112537,0.750000,1.016151,637.848043,3659.933752,0.000000,1.601321,-0.217116,-9.966078,0.000000,0.000000,-1.301398,-0.933055,20.732161,18.399979,0.848930,325.944265
23.000230,6.000000,22.449776,18.380470,22.217579,0.100203,0.750000,1.006442,658.477890,3673.343390,0.000000,1.156851,-0.182986,-9.871505,0.000000,0.000000,-1.097200,-0.366682,20.533812,8.484303,0.847739,325.890626
24.000240,6.000000,-4.109481,-3.218659,18.056893,0.089111,0.750000,1.869705,678.753393,3676.882322,0.000000,95.450299,-15.993791,-8.978889,0.000000,-0.000000,-95.310941,5.155969,18.010467,-1.294002,0.847425,325.876471
25.000250,6.000000,-45.635731,-32.500893,11.822401,0.064557,0.750000,0.875362,691.110952,3671.744648,0.000000,44.488456,-6.283042,-5.853639,0.000000,-0.000000,-37.583800,23.805056,8.266432,-8.451940,0.847882,325.897021
26.000260,6.000000,-75.779958,-57.689182,13.608652,0.059787,0.750000,0.546367,696.713030,3660.726639,0.000000,43.854144,-3.925128,-3.649865,0.000000,-0.000000,-23.503100,37.024185,3.342917,-13.191675,0.848860,325.941093
27.000270,6.000000,-89.540604,-72.106364,15.881068,0.059482,0.750000,0.324333,698.328874,3646.033851,0.000000,50.205809,-2.583915,-1.856507,0.000000,-0.000000,-15.469153,47.763256,0.127333,-15.880558,0.850166,325.999865
28.000280,6.000000,-96.451686,-79.886646,17.264993,0.059500,0.750000,0.184303,697.336602,3629.426189,0.000000,54.843831,-1.613522,-0.815750,-0.000000,-0.000000,-9.657197,53.986890,-1.939987,-17.155654,0.851643,326.066295
29.000290,6.000000,-100.267432,-84.205696,17.979544,0.059279,0.750000,0.104079,694.707432,3611.960623,0.000000,57.212263,-0.967855,-0.325174,-0.000000,-0.000000,-5.791938,56.918331,-3.204727,-17.691629,0.853200,326.136158
30.000300,6.000000,-102.462298,-86.659447,18.329007,0.058962,0.750000,0.059213,691.092398,3594.148492,0.000000,58.258260,-0.568871,-0.117516,-0.000000,-0.000000,-3.404068,58.158724,-3.955347,-17.897143,0.854790,326.207406
31.000310,6.000000,-103.744057,-88.069496,18.496157,0.058669,0.750000,0.033955,686.896696,3576.209485,0.000000,58.687961,-0.331308,-0.034504,-0.000000,-0.000000,-1.982459,58.654468,-4.394412,-17.966552,0.856392,326.279162
32.000320,6.000000,-104.497066,-88.883622,18.573764,0.058436,0.750000,0.019591,682.362493,3558.232168,0.000000,58.857389,-0.192170,-0.002402,-0.000000,-0.000000,-1.149877,58.846156,-4.649578,-17.982384,0.858001,326.351071
33.000330,6.000000,-104.941480,-89.354450,18.606809,0.058261,0.750000,0.011384,677.631867,3540.250962,0.000000,58.922414,-0.111251,0.009740,-0.000000,-0.000000,-0.665684,58.918654,-4.797437,-17.977706,0.859613,326.422996
34.000340,6.000000,-105.205692,-89.626835,18.617114,0.058127,0.750000,0.006717,672.787506,3522.278922,0.000000,58.946765,-0.064338,0.014239,-0.000000,-0.000000,-0.384969,58.945508,-4.882991,-17.965337,0.861226,326.494884
35.000350,6.000000,-105.364860,-89.784386,18.615493,0.058022,0.750000,0.004121,667.877364,3504.320909,0.000000,58.955698,-0.037180,0.015875,-0.000000,-0.000000,-0.222470,58.955278,-4.932450,-17.950140,0.862840,326.566716
36.000360,6.000000,-105.462930,-89.875480,18.607457,0.057934,0.750000,0.002757,662.929205,3486.378691,0.000000,58.958818,-0.021473,0.016445,-0.000000,-0.000000,-0.128487,58.958678,-4.961024,-17.933925,0.864455,326.638485
37.000370,6.000000,-105.525525,-89.928124,18.595909,0.057857,0.750000,0.002114,657.959089,3468.452891,0.000000,58.959836,-0.012395,0.016631,-0.000000,-0.000000,-0.074167,58.959790,-4.977523,-17.917368,0.866071,326.710188
38.000380,6.000000,-105.567560,-89.958533,18.582412,0.057787,0.750000,0.001849,652.976297,3450.543711,0.000000,58.960058,-0.007151,0.016674,-0.000000,-0.000000,-0.042789,58.960043,-4.987045,-17.900711,0.867688,326.781825
39.000390,6.000000,-105.597688,-89.976089,18.567832,0.057720,0.750000,0.001750,647.986192,3432.651198,0.000000,58.959978,-0.004124,0.016662,-0.000000,-0.000000,-0.024674,58.959972,-4.992536,-17.884042,0.869305,326.853395
40.000400,6.000000,-105.620930,-89.986219,18.552650,0.057656,0.750000,0.001712,642.991870,3414.775346,0.000000,58.959772,-0.002377,0.016629,-0.000000,-0.000000,-0.014220,58.959770,-4.995703,-17.867394,0.870923,326.924899
41.000410,6.000000,-105.640189,-89.992062,18.537141,0.057594,0.750000,0.001698,637.995118,3396.916125,0.000000,58.959583,-0.001369,0.016598,-0.000000,-0.000000,-0.008191,58.959583,-4.997527,-17.850779,0.872542,326.996336
42.000420,6.000000,-105.657145,-89.995430,18.521460,0.057532,0.750000,0.001690,632.996965,3379.073501,0.000000,58.959361,-0.000788,0.016561,-0.000000,-0.000000,-0.004716,58.959361,-4.998577,-17.834200,0.874162,327.067706
43.000430,6.000000,-105.672770,-89.997370,18.505695,0.057471,0.750000,0.001685,627.998006,3361.247438,0.000000,58.959140,-0.000454,0.016524,-0.000000,-0.000000,-0.002714,58.959140,-4.999182,-17.817658,0.875782,327.139010
44.000440,6.000000,-105.687625,-89.998487,18.489898,0.057410,0.750000,0.001681,622.998583,3343.437899,0.000000,58.958930,-0.000261,0.016489,-0.000000,-0.000000,-0.001561,58.958930,-4.999530,-17.801153,0.877404,327.210248
45.000450,6.000000,-105.702031,-89.999130,18.474100,0.057350,0.750000,0.001677,617.998893,3325.644845,0.000000,58.958705,-0.000150,0.016451,-0.000000,-0.000000,-0.000897,58.958705,-4.999730,-17.784686,0.879026,327.281421
46.000460,6.000000,-105.716177,-89.999500,18.458315,0.057290,0.750000,0.001673,612.999050,3307.868241,0.000000,58.958463,-0.000086,0.016411,-0.000000,-0.000000,-0.000516,58.958463,-4.999845,-17.768257,0.880649,327.351527
47.000470,6.000000,-105.730169,-89.999713,18.442553,0.057230,0.750000,0.001669,607.999119,3290.108047,0.000000,58.958252,-0.000049,0.016376,-0.000000,-0.000000,-0.000296,58.958252,-4.999911,-17.751864,0.882273,327.422568
48.000480,6.000000,-105.744068,-89.999835,18.426823,0.057170,0.750000,0.001665,602.999137,3272.364227,0.000000,58.958023,-0.000028,0.016337,-0.000000,-0.000000,-0.000170,58.958023,-4.999949,-17.735510,0.883897,327.493543
49.000490,6.000000,-105.757912,-89.999906,18.411124,0.057111,0.750000,0.001661,597.999126,3254.636743,0.000000,58.957791,-0.000016,0.016299,-0.000000,-0.000000,-0.000097,58.957791,-4.999971,-17.719192,0.885523,327.564453
50.000500,6.000000,-105.771720,-89.999946,18.395460,0.057051,0.750000,0.001658,592.999098,3236.925557,0.000000,58.957572,-0.000009,0.016262,-0.000000,-0.000000,-0.000056,58.957572,-4.999983,-17.702913,0.887149,327.635298
51.000510,6.000000,-105.785504,-89.999969,18.379831,0.056992,0.750000,0.001654,587.999061,3219.230633,0.000000,58.957353,-0.000005,0.016226,-0.000000,-0.000000,-0.000032,58.957353,-4.999990,-17.686669,0.888776,327.705077
52.000520,6.000000,-105.799272,-89.999982,18.364237,0.056933,0.750000,0.001650,582.999018,3201.551933,0.000000,58.957117,-0.000003,0.016187,-0.000000,-0.000000,-0.000018,58.957117,-4.999995,-17.670463,0.890403,327.775792
53.000530,6.000000,-105.813026,-89.999990,18.348680,0.056874,0.750000,0.001647,577.998972,3183.889421,0.000000,58.956927,-0.000002,0.016155,-0.000000,-0.000000,-0.000011,58.956927,-4.999997,-17.654293,0.892032,327.846442
54.000540,6.000000,-105.826770,-89.999994,18.333158,0.056816,0.750000,0.001643,572.998925,3166.243061,0.000000,58.956713,-0.000001,0.016119,-0.000000,-0.000000,-0.000006,58.956713,-4.999998,-17.638160,0.893662,327.916149
55.000550,6.000000,-105.840504,-89.999997,18.317672,0.056757,0.750000,0.001639,567.998876,3148.612817,0.000000,58.956476,-0.000001,0.016080,-0.000000,-0.000000,-0.000003,58.956476,-4.999999,-17.622063,0.895291,327.986549
56.000560,6.000000,-105.854229,-89.999998,18.302223,0.056698,0.750000,0.001635,562.998827,3130.998650,0.000000,58.956263,-0.000000,0.016044,-0.000000,-0.000000,-0.000002,58.956263,-4.999999,-17.606003,0.896922,328.057005
57.000570,6.000000,-105.867945,-89.999999,18.286809,0.056640,0.750000,0.001632,557.998777,3113.400526,0.000000,58.956049,-0.000000,0.016008,-0.000000,-0.000000,-0.000001,58.956049,-5.000000,-17.589979,0.898554,328.127398
58.000580,6.000000,-105.881654,-89.999999,18.271430,0.056582,0.750000,0.001628,552.998728,3095.818409,0.000000,58.955813,-0.000000,0.015969,-0.000000,-0.000000,-0.000001,58.955813,-5.000000,-17.573991,0.900186,328.196726
59.000590,6.000000,-105.895357,-90.000000,18.256085,0.056524,0.750000,0.001624,547.998678,3078.252262,0.000000,58.955613,-0.000000,0.015936,-0.000000,-0.000000,-0.000000,58.955613,-5.000000,-17.558036,0.901820,328.266991
60.000600,6.000000,-105.909049,-90.000000,18.240779,0.056466,0.750000,0.001621,542.998628,3060.702051,0.000000,58.955399,-0.000000,0.015900,-0.000000,-0.000000,-0.000000,58.955399,-5.000000,-17.542121,0.903453,328.336192
61.000610,6.000000,-105.922734,-90.000000,18.225507,0.056408,0.750000,0.001617,537.998578,3043.167738,0.000000,58.955168,-0.000000,0.015861,-0.000000,-0.000000,-0.000000,58.955168,-5.000000,-17.526240,0.905088,328.406329
62.000620,6.000000,-105.936410,-90.000000,18.210270,0.056351,0.750000,0.001614,532.998528,3025.649287,0.000000,58.954978,-0.000000,0.015830,-0.000000,-0.000000,-0.000000,58.954978,-5.000000,-17.510395,0.906724,328.476403
63.000630,6.000000,-105.950078,-90.000000,18.195070,0.056293,0.750000,0.001610,527.998478,3008.146663,0.000000,58.954738,-0.000000,0.015790,-0.000000,-0.000000,-0.000000,58.954738,-5.000000,-17.494587,0.908359,328.545413
64.000640,6.000000,-105.963741,-90.000000,18.179902,0.056236,0.750000,0.001606,522.998428,2990.659832,0.000000,58.954556,-0.000000,0.015759,-0.000000,-0.000000,-0.000000,58.954556,-5.000000,-17.478811,0.909997,328.615361
65.000650,6.000000,-105.977396,-90.000000,18.164770,0.056179,0.750000,0.001603,517.998378,2973.188758,0.000000,58.954345,-0.000000,0.015725,-0.000000,-0.000000,-0.000000,58.954345,-5.000000,-17.463071,0.911635,328.684245
66.000660,6.000000,-105.991042,-90.000000,18.149672,0.056122,0.750000,0.001599,512.998328,2955.733406,0.000000,58.954109,-0.000000,0.015685,-0.000000,-0.000000,-0.000000,58.954109,-5.000000,-17.447367,0.913273,328.754066
67.000670,6.000000,-106.004681,-90.000000,18.134610,0.056065,0.750000,0.001595,507.998278,2938.293742,0.000000,58.953897,-0.000000,0.015650,-0.000000,-0.000000,-0.000000,58.953897,-5.000000,-17.431698,0.914912,328.822825
68.000680,6.000000,-106.018312,-90.000000,18.119582,0.056008,0.750000,0.001592,502.998228,2920.869729,0.000000,58.953705,-0.000000,0.015617,-0.000000,-0.000000,-0.000000,58.953705,-5.000000,-17.416063,0.916553,328.892521
69.000690,6.000000,-106.031935,-90.000000,18.104587,0.055952,0.750000,0.001589,497.998178,2903.461335,0.000000,58.953504,-0.000000,0.015584,-0.000000,-0.000000,-0.000000,58.953504,-5.000000,-17.400462,0.918194,328.961155
70.000700,6.000000,-106.045551,-90.000000,18.089628,0.055895,0.750000,0.001585,492.998128,2886.068523,0.000000,58.953291,-0.000000,0.015549,-0.000000,-0.000000,-0.000000,58.953291,-5.000000,-17.384897,0.919836,329.030726
71.000710,6.000000,-106.059159,-90.000000,18.074702,0.055839,0.750000,0.001581,487.998078,2868.691261,0.000000,58.953062,-0.000000,0.015511,-0.000000,-0.000000,-0.000000,58.953062,-5.000000,-17.369365,0.921478,329.099235
72.000720,6.000000,-106.072760,-90.000000,18.059810,0.055782,0.750000,0.001578,482.998028,2851.329512,0.000000,58.952883,-0.000000,0.015481,-0.000000,-0.000000,-0.000000,58.952883,-5.000000,-17.353868,0.923121,329.168682
73.000730,6.000000,-106.086352,-90.000000,18.044953,0.055726,0.750000,0.001575,477.997978,2833.983243,0.000000,58.952691,-0.000000,0.015449,-0.000000,-0.000000,-0.000000,58.952691,-5.000000,-17.338406,0.924766,329.237067
74.000740,6.000000,-106.099938,-90.000000,18.030128,0.055670,0.750000,0.001571,472.997928,2816.652420,0.000000,58.952461,-0.000000,0.015410,-0.000000,-0.000000,-0.000000,58.952461,-5.000000,-17.322977,0.926410,329.306390
75.000750,6.000000,-106.113516,-90.000000,18.015338,0.055615,0.750000,0.001568,467.997878,2799.337008,0.000000,58.952282,-0.000000,0.015381,-0.000000,-0.000000,-0.000000,58.952282,-5.000000,-17.307582,0.928056,329.374652
76.000760,6.000000,-106.127086,-90.000000,18.000581,0.055559,0.750000,0.001565,462.997828,2782.036975,0.000000,58.952088,-0.000000,0.015348,-0.000000,-0.000000,-0.000000,58.952088,-5.000000,-17.292221,0.929702,329.442852
77.000770,6.000000,-106.140649,-90.000000,17.985857,0.055504,0.750000,0.001561,457.997778,2764.752286,0.000000,58.951855,-0.000000,0.015309,-0.000000,-0.000000,-0.000000,58.951855,-5.000000,-17.276893,0.931349,329.511991
78.000780,6.000000,-106.154204,-90.000000,17.971166,0.055448,0.750000,0.001557,452.997728,2747.482908,0.000000,58.951671,-0.000000,0.015279,-0.000000,-0.000000,-0.000000,58.951671,-5.000000,-17.261599,0.932997,329.580068
79.000790,6.000000,-106.167752,-90.000000,17.956508,0.055393,0.750000,0.001554,447.997678,2730.228808,0.000000,58.951475,-0.000000,0.015246,-0.000000,-0.000000,-0.000000,58.951475,-5.000000,-17.246338,0.934646,329.649085
80.000800,6.000000,-106.181292,-90.000000,17.941884,0.055338,0.750000,0.001551,442.997628,2712.989952,0.000000,58.951266,-0.000000,0.015211,-0.000000,-0.000000,-0.000000,58.951266,-5.000000,-17.231111,0.936295,329.717040
81.000810,6.000000,-106.194824,-90.000000,17.927293,0.055283,0.750000,0.001547,437.997578,2695.766306,0.000000,58.951057,-0.000000,0.015176,-0.000000,-0.000000,-0.000000,58.951057,-5.000000,-17.215918,0.937945,329.784935
82.000820,6.000000,-106.208349,-90.000000,17.912735,0.055228,0.750000,0.001544,432.997528,2678.557837,0.000000,58.950862,-0.000000,0.015144,-0.000000,-0.000000,-0.000000,58.950862,-5.000000,-17.200758,0.939596,329.853048
83.000830,6.000000,-106.221866,-90.000000,17.898208,0.055173,0.750000,0.001540,427.997478,2661.364511,0.000000,58.950671,-0.000000,0.015112,-0.000000,-0.000000,-0.000000,58.950671,-5.000000,-17.185630,0.941248,329.921542
84.000840,6.000000,-106.235377,-90.000000,17.883714,0.055119,0.750000,0.001537,422.997428,2644.186299,0.000000,58.950480,-0.000000,0.015080,-0.000000,-0.000000,-0.000000,58.950480,-5.000000,-17.170534,0.942901,329.989255
85.000850,6.000000,-106.248879,-90.000000,17.869254,0.055065,0.750000,0.001534,417.997378,2627.023164,0.000000,58.950288,-0.000000,0.015048,-0.000000,-0.000000,-0.000000,58.950288,-5.000000,-17.155473,0.944554,330.056907
86.000860,6.000000,-106.262374,-90.000000,17.854825,0.055010,0.750000,0.001530,412.997328,2609.875076,0.000000,58.950077,-0.000000,0.015013,-0.000000,-0.000000,-0.000000,58.950077,-5.000000,-17.140443,0.946208,330.125500
87.000870,6.000000,-106.275862,-90.000000,17.840429,0.054956,0.750000,0.001527,407.997278,2592.742000,0.000000,58.949890,-0.000000,0.014981,-0.000000,-0.000000,-0.000000,58.949890,-5.000000,-17.125446,0.947863,330.193032
88.000880,6.000000,-106.289343,-90.000000,17.826064,0.054902,0.750000,0.001524,402.997228,2575.623906,0.000000,58.949683,-0.000000,0.014947,-0.000000,-0.000000,-0.000000,58.949683,-5.000000,-17.110480,0.949518,330.260504
89.000890,6.000000,-106.302816,-90.000000,17.811731,0.054848,0.750000,0.001520,397.997178,2558.520761,0.000000,58.949482,-0.000000,0.014914,-0.000000,-0.000000,-0.000000,58.949482,-5.000000,-17.095548,0.951175,330.327917
90.000900,6.000000,-106.316281,-90.000000,17.797430,0.054794,0.750000,0.001517,392.997128,2541.432532,0.000000,58.949303,-0.000000,0.014884,-0.000000,-0.000000,-0.000000,58.949303,-5.000000,-17.080648,0.952832,330.395986
91.000910,6.000000,-106.329738,-90.000000,17.783163,0.054741,0.750000,0.001514,387.997078,2524.359186,0.000000,58.949122,-0.000000,0.014853,-0.000000,-0.000000,-0.000000,58.949122,-5.000000,-17.065781,0.954490,330.463563
92.000920,6.000000,-106.343188,-90.000000,17.768926,0.054687,0.750000,0.001510,382.997028,2507.300693,0.000000,58.948908,-0.000000,0.014818,-0.000000,-0.000000,-0.000000,58.948908,-5.000000,-17.050945,0.956148,330.530797
93.000930,6.000000,-106.356632,-90.000000,17.754720,0.054634,0.750000,0.001508,377.996978,2490.257019,0.000000,58.948739,-0.000000,0.014790,-0.000000,-0.000000,-0.000000,58.948739,-5.000000,-17.036141,0.957808,330.597972
94.000940,6.000000,-106.370070,-90.000000,17.740544,0.054581,0.750000,0.001504,372.996928,2473.228135,0.000000,58.948540,-0.000000,0.014757,-0.000000,-0.000000,-0.000000,58.948540,-5.000000,-17.021366,0.959468,330.665087
95.000950,6.000000,-106.383497,-90.000000,17.726402,0.054528,0.750000,0.001501,367.996878,2456.214009,0.000000,58.948354,-0.000000,0.014725,-0.000000,-0.000000,-0.000000,58.948354,-5.000000,-17.006626,0.961129,330.732144
96.000960,6.000000,-106.396918,-90.000000,17.712291,0.054474,0.750000,0.001498,362.996828,2439.214606,0.000000,58.948158,-0.000000,0.014694,-0.000000,-0.000000,-0.000000,58.948158,-5.000000,-16.991917,0.962791,330.799749
97.000970,6.000000,-106.410332,-90.000000,17.698211,0.054422,0.750000,0.001494,357.996778,2422.229897,0.000000,58.947946,-0.000000,0.014658,-0.000000,-0.000000,-0.000000,58.947946,-5.000000,-16.977240,0.964453,330.867080
98.000980,6.000000,-106.423737,-90.000000,17.684163,0.054369,0.750000,0.001492,352.996728,2405.259849,0.000000,58.947817,-0.000000,0.014636,-0.000000,-0.000000,-0.000000,58.947817,-5.000000,-16.962595,0.966117,330.933961
99.000990,6.000000,-106.437137,-90.000000,17.670143,0.054316,0.750000,0.001488,347.996678,2388.304433,0.000000,58.947601,-0.000000,0.014601,-0.000000,-0.000000,-0.000000,58.947601,-5.000000,-16.947978,0.967780,331.000782
100.001000,6.000000,-106.450529,-90.000000,17.656156,0.054264,0.750000,0.001485,342.996628,2371.363616,0.000000,58.947406,-0.000000,0.014568,-0.000000,-0.000000,-0.000000,58.947406,-5.000000,-16.933394,0.969445,331.067546
101.001010,6.000000,-106.463912,-90.000000,17.642199,0.054211,0.750000,0.001482,337.996578,2354.437368,0.000000,58.947214,-0.000000,0.014536,-0.000000,-0.000000,-0.000000,58.947214,-5.000000,-16.918842,0.971110,331.134251
102.001020,6.000000,-106.477289,-90.000000,17.628274,0.054159,0.750000,0.001479,332.996528,2337.525657,0.000000,58.947070,-0.000000,0.014512,-0.000000,-0.000000,-0.000000,58.947070,-5.000000,-16.904320,0.972777,331.200897
103.001030,6.000000,-106.490660,-90.000000,17.614377,0.054107,0.750000,0.001475,327.996478,2320.628453,0.000000,58.946844,-0.000000,0.014474,-0.000000,-0.000000,-0.000000,58.946844,-5.000000,-16.889828,0.974443,331.267486
104.001040,6.000000,-106.504022,-90.000000,17.600511,0.054055,0.750000,0.001473,322.996428,2303.745726,0.000000,58.946682,-0.000000,0.014447,-0.000000,-0.000000,-0.000000,58.946682,-5.000000,-16.875367,0.976111,331.334017
105.001050,6.000000,-106.517378,-90.000000,17.586676,0.054003,0.750000,0.001469,317.996378,2286.877445,0.000000,58.946469,-0.000000,0.014412,-0.000000,-0.000000,-0.000000,58.946469,-5.000000,-16.860937,0.977779,331.400490
106.001060,6.000000,-106.530725,-90.000000,17.572872,0.053951,0.750000,0.001466,312.996328,2270.023577,0.000000,58.946311,-0.000000,0.014385,-0.000000,-0.000000,-0.000000,58.946311,-5.000000,-16.846538,0.979449,331.466906
107.001070,6.000000,-106.544066,-90.000000,17.559097,0.053900,0.750000,0.001463,307.996278,2253.184094,0.000000,58.946137,-0.000000,0.014356,-0.000000,-0.000000,-0.000000,58.946137,-5.000000,-16.832168,0.981119,331.533264
108.001080,6.000000,-106.557400,-90.000000,17.545351,0.053848,0.750000,0.001460,302.996228,2236.358966,0.000000,58.945939,-0.000000,0.014323,-0.000000,-0.000000,-0.000000,58.945939,-5.000000,-16.817828,0.982789,331.599564
109.001090,6.000000,-106.570727,-90.000000,17.531636,0.053797,0.750000,0.001457,297.996178,2219.548162,0.000000,58.945769,-0.000000,0.014295,-0.000000,-0.000000,-0.000000,58.945769,-5.000000,-16.803519,0.984461,331.665807
110.001100,6.000000,-106.584046,-90.000000,17.517951,0.053746,0.750000,0.001454,292.996128,2202.751653,0.000000,58.945594,-0.000000,0.014266,-0.000000,-0.000000,-0.000000,58.945594,-5.000000,-16.789241,0.986133,331.731993
111.001110,6.000000,-106.597358,-90.000000,17.504296,0.053694,0.750000,0.001451,287.996078,2185.969407,0.000000,58.945408,-0.000000,0.014235,-0.000000,-0.000000,-0.000000,58.945408,-5.000000,-16.774992,0.987806,331.798122
112.001120,6.000000,-106.610662,-90.000000,17.490670,0.053643,0.750000,0.001448,282.996028,2169.201394,0.000000,58.945237,-0.000000,0.014206,-0.000000,-0.000000,-0.000000,58.945237,-5.000000,-16.760773,0.989480,331.864194
113.001130,6.000000,-106.623960,-90.000000,17.477073,0.053593,0.750000,0.001445,277.995978,2152.447586,0.000000,58.945052,-0.000000,0.014176,-0.000000,-0.000000,-0.000000,58.945052,-5.000000,-16.746584,0.991154,331.930210
114.001140,6.000000,-106.637251,-90.000000,17.463506,0.053542,0.750000,0.001442,272.995928,2135.707952,0.000000,58.944860,-0.000000,0.014144,-0.000000,-0.000000,-0.000000,58.944860,-5.000000,-16.732424,0.992829,331.996022
115.001150,6.000000,-106.650534,-90.000000,17.449968,0.053491,0.750000,0.001439,267.995878,2118.982462,0.000000,58.944691,-0.000000,0.014115,-0.000000,-0.000000,-0.000000,58.944691,-5.000000,-16.718295,0.994505,332.061561
116.001160,6.000000,-106.663810,-90.000000,17.436459,0.053441,0.750000,0.001436,262.995828,2102.271088,0.000000,58.944502,-0.000000,0.014084,-0.000000,-0.000000,-0.000000,58.944502,-5.000000,-16.704194,0.996182,332.126916
117.001170,6.000000,-106.677081,-90.000000,17.422978,0.053390,0.750000,0.001433,257.995778,2085.573801,0.000000,58.944348,-0.000000,0.014058,-0.000000,-0.000000,-0.000000,58.944348,-5.000000,-16.690121,0.997860,332.192705
118.001180,6.000000,-106.690342,-90.000000,17.409528,0.053340,0.750000,0.001430,252.995728,2068.890571,0.000000,58.944149,-0.000000,0.014025,-0.000000,-0.000000,-0.000000,58.944149,-5.000000,-16.676081,0.999537,332.258438
119.001190,6.000000,-106.703597,-90.000000,17.396106,0.053290,0.750000,0.001428,247.995678,2052.221365,0.000000,58.944055,-0.000000,0.014010,-0.000000,-0.000000,-0.000000,58.944055,-5.000000,-16.662067,1.001218,332.324115
120.001200,6.000000,-106.716844,-90.000000,17.382713,0.053240,0.750000,0.001421,242.995628,2035.566160,0.000000,58.943639,-0.000000,0.013941,-0.000000,-0.000000,-0.000000,58.943639,-5.000000,-16.648084,1.002893,332.389735
121.001210,6.000000,-106.730086,-90.000000,17.369347,0.053190,0.750000,0.001422,237.995578,2018.924923,0.000000,58.943674,-0.000000,0.013947,-0.000000,-0.000000,-0.000000,58.943674,-5.000000,-16.634128,1.004578,332.455300
122.001220,6.000000,-106.743319,-90.000000,17.356012,0.053140,0.750000,0.001420,232.995528,2002.297625,0.000000,58.943594,-0.000000,0.013934,-0.000000,-0.000000,-0.000000,58.943594,-5.000000,-16.620203,1.006260,332.519958
123.001230,6.000000,-106.756552,-90.000000,17.342699,0.053090,0.750000,0.001416,227.995478,1985.684243,0.000000,58.943344,-0.000000,0.013892,-0.000000,-0.000000,-0.000000,58.943344,-5.000000,-16.606300,1.007942,332.585263
124.001240,6.000000,-106.769767,-90.000000,17.329424,0.053040,0.750000,0.001411,222.995428,1969.084746,0.000000,58.943044,-0.000000,0.013842,-0.000000,-0.000000,-0.000000,58.943044,-5.000000,-16.592436,1.009622,332.650661
125.001250,6.000000,-106.782975,-90.000000,17.316178,0.052991,0.750000,0.001411,217.995378,1952.499099,0.000000,58.943061,-0.000000,0.013841,-0.000000,-0.000000,-0.000000,58.943061,-5.000000,-16.578601,1.011308,332.716004
126.001260,6.000000,-106.796184,-90.000000,17.302952,0.052942,0.750000,0.001403,212.995328,1935.927278,0.000000,58.942622,-0.000000,0.013768,-0.000000,-0.000000,-0.000000,58.942622,-5.000000,-16.564786,1.012988,332.781255
127.001270,6.000000,-106.809382,-90.000000,17.289758,0.052892,0.750000,0.001402,207.995278,1919.369255,0.000000,58.942488,-0.000000,0.013750,-0.000000,-0.000000,-0.000000,58.942488,-5.000000,-16.551004,1.014673,332.845523
128.001280,6.000000,-106.822572,-90.000000,17.276593,0.052843,0.750000,0.001398,202.995228,1902.824998,0.000000,58.942256,-0.000000,0.013711,-0.000000,-0.000000,-0.000000,58.942256,-5.000000,-16.537251,1.016358,332.910700
129.001290,6.000000,-106.835751,-90.000000,17.263460,0.052794,0.750000,0.001400,197.995178,1886.294479,0.000000,58.942428,-0.000000,0.013736,-0.000000,-0.000000,-0.000000,58.942428,-5.000000,-16.523530,1.018049,332.975822
130.001300,6.000000,-106.848933,-90.000000,17.250345,0.052745,0.750000,0.001394,192.995128,1869.777673,0.000000,58.942061,-0.000000,0.013675,-0.000000,-0.000000,-0.000000,58.942061,-5.000000,-16.509827,1.019733,333.039889
131.001310,6.000000,-106.862100,-90.000000,17.237265,0.052696,0.750000,0.001393,187.995078,1853.274551,0.000000,58.941994,-0.000000,0.013668,-0.000000,-0.000000,-0.000000,58.941994,-5.000000,-16.496160,1.021423,333.104902
132.001320,6.000000,-106.875272,-90.000000,17.224202,0.052648,0.750000,0.001390,182.995028,1836.785087,0.000000,58.941785,-0.000000,0.013633,-0.000000,-0.000000,-0.000000,58.941785,-5.000000,-16.482510,1.023111,333.169860
133.001330,6.000000,-106.888432,-90.000000,17.211170,0.052599,0.750000,0.001385,177.994978,1820.309258,0.000000,58.941489,-0.000000,0.013584,-0.000000,-0.000000,-0.000000,58.941489,-5.000000,-16.468891,1.024799,333.233918
134.001340,6.000000,-106.901572,-90.000000,17.198179,0.052551,0.750000,0.001380,172.994928,1803.847028,0.000000,58.941214,-0.000000,0.013534,-0.000000,-0.000000,-0.000000,58.941214,-5.000000,-16.455314,1.026486,333.298612
135.001350,6.000000,-106.914712,-90.000000,17.185209,0.052502,0.750000,0.001381,167.994878,1787.398361,0.000000,58.941255,-0.000000,0.013545,-0.000000,-0.000000,-0.000000,58.941255,-5.000000,-16.441758,1.028180,333.363407
136.001360,6.000000,-106.927842,-90.000000,17.172269,0.052454,0.750000,0.001375,162.994828,1770.963239,0.000000,58.940966,-0.000000,0.013493,-0.000000,-0.000000,-0.000000,58.940966,-5.000000,-16.428232,1.029869,333.427629
137.001370,6.000000,-106.940974,-90.000000,17.159347,0.052406,0.750000,0.001374,157.994778,1754.541634,0.000000,58.940890,-0.000000,0.013480,-0.000000,-0.000000,-0.000000,58.940890,-5.000000,-16.414725,1.031563,333.491833
138.001380,6.000000,-106.954097,-90.000000,17.146456,0.052358,0.750000,0.001371,152.994728,1738.133522,0.000000,58.940713,-0.000000,0.013451,-0.000000,-0.000000,-0.000000,58.940713,-5.000000,-16.401248,1.033256,333.556466
139.001390,6.000000,-106.967209,-90.000000,17.133594,0.052310,0.750000,0.001366,147.994678,1721.738869,0.000000,58.940433,-0.000000,0.013404,-0.000000,-0.000000,-0.000000,58.940433,-5.000000,-16.387801,1.034947,333.620045
140.001400,6.000000,-106.980313,-90.000000,17.120761,0.052262,0.750000,0.001370,142.994628,1705.357648,0.000000,58.940615,-0.000000,0.013435,-0.000000,-0.000000,-0.000000,58.940615,-5.000000,-16.374384,1.036647,333.684569
141.001410,6.000000,-106.993421,-90.000000,17.107944,0.052214,0.750000,0.001365,137.994578,1688.989837,0.000000,58.940306,-0.000000,0.013387,-0.000000,-0.000000,-0.000000,58.940306,-5.000000,-16.360982,1.038341,333.748536
142.001420,6.000000,-107.006507,-90.000000,17.095168,0.052167,0.750000,0.001359,132.994528,1672.635407,0.000000,58.939995,-0.000000,0.013331,-0.000000,-0.000000,-0.000000,58.939995,-5.000000,-16.347623,1.040033,333.812458
143.001430,6.000000,-107.019599,-90.000000,17.082407,0.052119,0.750000,0.001357,127.994478,1656.294327,0.000000,58.939835,-0.000000,0.013309,-0.000000,-0.000000,-0.000000,58.939835,-5.000000,-16.334278,1.041731,333.876823
144.001440,6.000000,-107.032677,-90.000000,17.069678,0.052072,0.750000,0.001359,122.994428,1639.966575,0.000000,58.939990,-0.000000,0.013333,-0.000000,-0.000000,-0.000000,58.939990,-5.000000,-16.320966,1.043433,333.940134
145.001450,6.000000,-107.045749,-90.000000,17.056976,0.052025,0.750000,0.001352,117.994378,1623.652124,0.000000,58.939557,-0.000000,0.013259,-0.000000,-0.000000,-0.000000,58.939557,-5.000000,-16.307680,1.045127,334.004392
146.001460,6.000000,-107.058817,-90.000000,17.044298,0.051977,0.750000,0.001351,112.994328,1607.350949,0.000000,58.939546,-0.000000,0.013257,-0.000000,-0.000000,-0.000000,58.939546,-5.000000,-16.294419,1.046828,334.067596
147.001470,6.000000,-107.071878,-90.000000,17.031645,0.051930,0.750000,0.001349,107.994278,1591.063022,0.000000,58.939411,-0.000000,0.013235,-0.000000,-0.000000,-0.000000,58.939411,-5.000000,-16.281184,1.048528,334.131748
148.001480,6.000000,-107.084927,-90.000000,17.019024,0.051883,0.750000,0.001345,102.994228,1574.788316,0.000000,58.939196,-0.000000,0.013199,-0.000000,-0.000000,-0.000000,58.939196,-5.000000,-16.267981,1.050227,334.194847
149.001490,6.000000,-107.097976,-90.000000,17.006423,0.051837,0.750000,0.001339,97.994178,1558.526805,0.000000,58.938812,-0.000000,0.013135,-0.000000,-0.000000,-0.000000,58.938812,-5.000000,-16.254797,1.051925,334.258893
150.001500,6.000000,-107.111012,-90.000000,16.993854,0.051790,0.750000,0.001341,92.994128,1542.278453,0.000000,58.938921,-0.000000,0.013154,-0.000000,-0.000000,-0.000000,58.938921,-5.000000,-16.241646,1.053631,334.321886
151.001510,6.000000,-107.124060,-90.000000,16.981293,0.051743,0.750000,0.001338,87.994078,1526.043251,0.000000,58.938774,-0.000000,0.013129,-0.000000,-0.000000,-0.000000,58.938774,-5.000000,-16.228503,1.055335,334.385827
152.001520,6.000000,-107.137095,-90.000000,16.968763,0.051697,0.750000,0.001335,82.994028,1509.821177,0.000000,58.938552,-0.000000,0.013092,-0.000000,-0.000000,-0.000000,58.938552,-5.000000,-16.215392,1.057039,334.448715
153.001530,6.000000,-107.150110,-90.000000,16.956272,0.051650,0.750000,0.001330,77.993978,1493.612195,0.000000,58.938308,-0.000000,0.013052,-0.000000,-0.000000,-0.000000,58.938308,-5.000000,-16.202320,1.058741,334.512551
154.001540,6.000000,-107.163103,-90.000000,16.943821,0.051604,0.750000,0.001326,72.993928,1477.416265,0.000000,58.938059,-0.000000,0.013010,-0.000000,-0.000000,-0.000000,58.938059,-5.000000,-16.189289,1.060441,334.575335
155.001550,6.000000,-107.176114,-90.000000,16.931373,0.051558,0.750000,0.001327,67.993878,1461.233358,0.000000,58.938076,-0.000000,0.013013,-0.000000,-0.000000,-0.000000,58.938076,-5.000000,-16.176260,1.062150,334.638683
156.001560,6.000000,-107.189107,-90.000000,16.918960,0.051511,0.750000,0.001326,62.993828,1445.063464,0.000000,58.938051,-0.000000,0.013009,-0.000000,-0.000000,-0.000000,58.938051,-5.000000,-16.163268,1.063858,334.701746
157.001570,6.000000,-107.202101,-90.000000,16.906567,0.051465,0.750000,0.001323,57.993778,1428.906554,0.000000,58.937863,-0.000000,0.012978,-0.000000,-0.000000,-0.000000,58.937863,-5.000000,-16.150294,1.065565,334.764827
158.001580,6.000000,-107.215086,-90.000000,16.894200,0.051419,0.750000,0.001318,52.993728,1412.762605,0.000000,58.937572,-0.000000,0.012929,-0.000000,-0.000000,-0.000000,58.937572,-5.000000,-16.137348,1.067270,334.827950
159.001590,6.000000,-107.228057,-90.000000,16.881866,0.051374,0.750000,0.001312,47.993678,1396.631587,0.000000,58.937218,-0.000000,0.012870,-0.000000,-0.000000,-0.000000,58.937218,-5.000000,-16.124434,1.068974,334.890474
160.001600,6.000000,-107.241026,-90.000000,16.869551,0.051328,0.750000,0.001313,42.993628,1380.513472,0.000000,58.937267,-0.000000,0.012879,-0.000000,-0.000000,-0.000000,58.937267,-5.000000,-16.111541,1.070686,334.953946
161.001610,6.000000,-107.253989,-90.000000,16.857262,0.051282,0.750000,0.001312,37.993578,1364.408238,0.000000,58.937196,-0.000000,0.012867,-0.000000,-0.000000,-0.000000,58.937196,-5.000000,-16.098673,1.072397,335.016367
162.001620,6.000000,-107.266952,-90.000000,16.844992,0.051237,0.750000,0.001308,32.993528,1348.315859,0.000000,58.936968,-0.000000,0.012829,-0.000000,-0.000000,-0.000000,58.936968,-5.000000,-16.085825,1.074107,335.078894
163.001630,6.000000,-107.279899,-90.000000,16.832755,0.051191,0.750000,0.001303,27.993478,1332.236315,0.000000,58.936691,-0.000000,0.012783,-0.000000,-0.000000,-0.000000,58.936691,-5.000000,-16.073010,1.075815,335.142055
164.001640,6.000000,-107.292844,-90.000000,16.820540,0.051146,0.750000,0.001304,22.993428,1316.169578,0.000000,58.936774,-0.000000,0.012793,-0.000000,-0.000000,-0.000000,58.936774,-5.000000,-16.060217,1.077531,335.204322
165.001650,6.000000,-107.305776,-90.000000,16.808355,0.051101,0.750000,0.001297,17.993378,1300.115616,0.000000,58.936333,-0.000000,0.012723,-0.000000,-0.000000,-0.000000,58.936333,-5.000000,-16.047454,1.079238,335.266595
166.001660,6.000000,-107.318713,-90.000000,16.796183,0.051056,0.750000,0.001295,12.993328,1284.074411,0.000000,58.936192,-0.000000,0.012700,-0.000000,-0.000000,-0.000000,58.936192,-5.000000,-16.034705,1.080952,335.329702
167.001670,6.000000,-107.331638,-90.000000,16.784041,0.051011,0.750000,0.001291,7.993278,1268.045941,0.000000,58.935978,-0.000000,0.012664,-0.000000,-0.000000,-0.000000,58.935978,-5.000000,-16.021986,1.082665,335.391816
168.001680,6.000000,-107.344557,-90.000000,16.771924,0.050966,0.750000,0.001294,2.993228,1252.030175,0.000000,58.936190,-0.000000,0.012696,-0.000000,-0.000000,-0.000000,58.936190,-5.000000,-16.009292,1.084387,335.453894
169.001690,6.000000,-107.357462,-90.000000,16.759837,0.050921,0.750000,0.001288,-2.006822,1236.027089,0.000000,58.935814,-0.000000,0.012637,-0.000000,-0.000000,-0.000000,58.935814,-5.000000,-15.996629,1.086097,335.516892
170.001700,6.000000,-107.370377,-90.000000,16.747760,0.050876,0.750000,0.001287,-7.006872,1220.036660,0.000000,58.935739,-0.000000,0.012625,-0.000000,-0.000000,-0.000000,58.935739,-5.000000,-15.983975,1.087816,335.578853
171.001710,6.000000,-107.383259,-90.000000,16.735731,0.050832,0.750000,0.001286,-12.006922,1204.058859,0.000000,58.935727,-0.000000,0.012620,-0.000000,-0.000000,-0.000000,58.935727,-5.000000,-15.971371,1.089534,335.640765
172.001720,6.000000,-107.396153,-90.000000,16.723710,0.050787,0.750000,0.001283,-17.006972,1188.093657,0.000000,58.935507,-0.000000,0.012587,-0.000000,-0.000000,-0.000000,58.935507,-5.000000,-15.958774,1.091250,335.702672
173.001730,6.000000,-107.409041,-90.000000,16.711712,0.050743,0.750000,0.001277,-22.007022,1172.141046,0.000000,58.935155,-0.000000,0.012528,-0.000000,-0.000000,-0.000000,58.935155,-5.000000,-15.946201,1.092965,335.765436
174.001740,6.000000,-107.421920,-90.000000,16.699741,0.050698,0.750000,0.001277,-27.007072,1156.200994,0.000000,58.935202,-0.000000,0.012532,-0.000000,-0.000000,-0.000000,58.935202,-5.000000,-15.933655,1.094688,335.827196
175.001750,6.000000,-107.434788,-90.000000,16.687798,0.050654,0.750000,0.001277,-32.007122,1140.273475,0.000000,58.935196,-0.000000,0.012531,-0.000000,-0.000000,-0.000000,58.935196,-5.000000,-15.921136,1.096410,335.888906
176.001760,6.000000,-107.447654,-90.000000,16.675874,0.050610,0.750000,0.001275,-37.007172,1124.358463,0.000000,58.935050,-0.000000,0.012507,-0.000000,-0.000000,-0.000000,58.935050,-5.000000,-15.908639,1.098131,335.950745
177.001770,6.000000,-107.460517,-90.000000,16.663972,0.050566,0.750000,0.001270,-42.007222,1108.455937,0.000000,58.934770,-0.000000,0.012461,-0.000000,-0.000000,-0.000000,58.934770,-5.000000,-15.896162,1.099850,336.013176
178.001780,6.000000,-107.473375,-90.000000,16.652092,0.050522,0.750000,0.001266,-47.007272,1092.565877,0.000000,58.934519,-0.000000,0.012422,-0.000000,-0.000000,-0.000000,58.934519,-5.000000,-15.883708,1.101571,336.074736
179.001790,6.000000,-107.486210,-90.000000,16.640251,0.050478,0.750000,0.001266,-52.007322,1076.688251,0.000000,58.934505,-0.000000,0.012417,-0.000000,-0.000000,-0.000000,58.934505,-5.000000,-15.871293,1.103294,336.136247
180.001800,6.000000,-107.499047,-90.000000,16.628425,0.050434,0.750000,0.001265,-57.007372,1060.823034,0.000000,58.934464,-0.000000,0.012410,-0.000000,-0.000000,-0.000000,58.934464,-5.000000,-15.858893,1.105019,336.197708
181.001810,6.000000,-107.511879,-90.000000,16.616622,0.050391,0.750000,0.001262,-62.007422,1044.970203,0.000000,58.934311,-0.000000,0.012385,-0.000000,-0.000000,-0.000000,58.934311,-5.000000,-15.846518,1.106743,336.259119
182.001820,6.000000,-107.524705,-90.000000,16.604841,0.050347,0.750000,0.001258,-67.007472,1029.129737,0.000000,58.934039,-0.000000,0.012339,-0.000000,-0.000000,-0.000000,58.934039,-5.000000,-15.834164,1.108466,336.321046
183.001830,6.000000,-107.537520,-90.000000,16.593089,0.050304,0.750000,0.001252,-72.007522,1013.301611,0.000000,58.933690,-0.000000,0.012281,-0.000000,-0.000000,-0.000000,58.933690,-5.000000,-15.821839,1.110187,336.382444
184.001840,6.000000,-107.550330,-90.000000,16.581359,0.050260,0.750000,0.001253,-77.007572,997.485797,0.000000,58.933759,-0.000000,0.012293,-0.000000,-0.000000,-0.000000,58.933759,-5.000000,-15.809537,1.111917,336.444057
185.001850,6.000000,-107.563134,-90.000000,16.569650,0.050217,0.750000,0.001252,-82.007622,981.682277,0.000000,58.933704,-0.000000,0.012284,-0.000000,-0.000000,-0.000000,58.933704,-5.000000,-15.797257,1.113645,336.505271
186.001860,6.000000,-107.575935,-90.000000,16.557963,0.050174,0.750000,0.001249,-87.007672,965.891028,0.000000,58.933522,-0.000000,0.012253,-0.000000,-0.000000,-0.000000,58.933522,-5.000000,-15.784997,1.115372,336.566436
187.001870,6.000000,-107.588726,-90.000000,16.546302,0.050131,0.750000,0.001245,-92.007722,950.112027,0.000000,58.933258,-0.000000,0.012209,-0.000000,-0.000000,-0.000000,58.933258,-5.000000,-15.772765,1.117098,336.627552
188.001880,6.000000,-107.601522,-90.000000,16.534653,0.050088,0.750000,0.001246,-97.007772,934.345245,0.000000,58.933327,-0.000000,0.012221,-0.000000,-0.000000,-0.000000,58.933327,-5.000000,-15.760544,1.118832,336.688619
189.001890,6.000000,-107.614291,-90.000000,16.523047,0.050045,0.750000,0.001239,-102.007822,918.590671,0.000000,58.932914,-0.000000,0.012152,-0.000000,-0.000000,-0.000000,58.932914,-5.000000,-15.748368,1.120555,336.749637
190.001900,6.000000,-107.627055,-90.000000,16.511462,0.050002,0.750000,0.001239,-107.007872,902.848254,0.000000,58.932906,-0.000000,0.012151,-0.000000,-0.000000,-0.000000,58.932906,-5.000000,-15.736212,1.122287,336.811031
191.001910,6.000000,-107.639819,-90.000000,16.499893,0.049959,0.750000,0.001236,-112.007922,887.117987,0.000000,58.932743,-0.000000,0.012124,-0.000000,-0.000000,-0.000000,58.932743,-5.000000,-15.724073,1.124017,336.872087
192.001920,6.000000,-107.652577,-90.000000,16.488348,0.049917,0.750000,0.001240,-117.007972,871.399843,0.000000,58.933000,-0.000000,0.012167,-0.000000,-0.000000,-0.000000,58.933000,-5.000000,-15.711958,1.125756,336.933101
193.001930,6.000000,-107.665352,-90.000000,16.476803,0.049874,0.750000,0.001231,-122.008022,855.693824,0.000000,58.932450,-0.000000,0.012075,-0.000000,-0.000000,-0.000000,58.932450,-5.000000,-15.699842,1.127484,336.994072
194.001940,6.000000,-107.678098,-90.000000,16.465303,0.049832,0.750000,0.001232,-127.008072,839.999887,0.000000,58.932486,-0.000000,0.012082,-0.000000,-0.000000,-0.000000,58.932486,-5.000000,-15.687772,1.129220,337.055000
195.001950,6.000000,-107.690838,-90.000000,16.453824,0.049789,0.750000,0.001230,-132.008122,824.318013,0.000000,58.932409,-0.000000,0.012069,-0.000000,-0.000000,-0.000000,58.932409,-5.000000,-15.675724,1.130955,337.115728
196.001960,6.000000,-107.703570,-90.000000,16.442369,0.049747,0.750000,0.001227,-137.008172,808.648178,0.000000,58.932240,-0.000000,0.012041,-0.000000,-0.000000,-0.000000,58.932240,-5.000000,-15.663700,1.132689,337.176407
197.001970,6.000000,-107.716302,-90.000000,16.430932,0.049705,0.750000,0.001222,-142.008222,792.990355,0.000000,58.931924,-0.000000,0.011988,-0.000000,-0.000000,-0.000000,58.931924,-5.000000,-15.651694,1.134421,337.237039
198.001980,6.000000,-107.729015,-90.000000,16.419528,0.049663,0.750000,0.001219,-147.008272,777.344522,0.000000,58.931762,-0.000000,0.011958,-0.000000,-0.000000,-0.000000,58.931762,-5.000000,-15.639722,1.136155,337.297622
199.001990,6.000000,-107.741732,-90.000000,16.408137,0.049621,0.750000,0.001217,-152.008322,761.710657,0.000000,58.931599,-0.000000,0.011934,-0.000000,-0.000000,-0.000000,58.931599,-5.000000,-15.627762,1.137892,337.358013
200.002000,6.000000,-107.754445,-90.000000,16.396766,0.049579,0.750000,0.001215,-157.008372,746.088738,0.000000,58.931486,-0.000000,0.011915,-0.000000,-0.000000,-0.000000,58.931486,-5.000000,-15.615823,1.139630,337.418645
201.002010,6.000000,-107.767145,-90.000000,16.385423,0.049537,0.750000,0.001212,-162.008422,730.478745,0.000000,58.931315,-0.000000,0.011887,-0.000000,-0.000000,-0.000000,58.931315,-5.000000,-15.603913,1.141367,337.479085
202.002020,6.000000,-107.779839,-90.000000,16.374102,0.049495,0.750000,0.001211,-167.008472,714.880654,0.000000,58.931321,-0.000000,0.011885,-0.000000,-0.000000,-0.000000,58.931321,-5.000000,-15.592024,1.143109,337.539477
203.002030,6.000000,-107.792537,-90.000000,16.362794,0.049454,0.750000,0.001208,-172.008522,699.294443,0.000000,58.931097,-0.000000,0.011851,-0.000000,-0.000000,-0.000000,58.931097,-5.000000,-15.580149,1.144848,337.599469
204.002040,6.000000,-107.805219,-90.000000,16.351517,0.049412,0.750000,0.001208,-177.008572,683.720093,0.000000,58.931122,-0.000000,0.011855,-0.000000,-0.000000,-0.000000,58.931122,-5.000000,-15.568304,1.146591,337.659980
205.002050,6.000000,-107.817888,-90.000000,16.340267,0.049371,0.750000,0.001207,-182.008622,668.157572,0.000000,58.931052,-0.000000,0.011840,-0.000000,-0.000000,-0.000000,58.931052,-5.000000,-15.556488,1.148332,337.719448
206.002060,6.000000,-107.830558,-90.000000,16.329033,0.049329,0.750000,0.001202,-187.008672,652.606861,0.000000,58.930755,-0.000000,0.011791,-0.000000,-0.000000,-0.000000,58.930755,-5.000000,-15.544688,1.150070,337.779876
207.002070,6.000000,-107.843227,-90.000000,16.317816,0.049288,0.750000,0.001199,-192.008722,637.067942,0.000000,58.930591,-0.000000,0.011767,-0.000000,-0.000000,-0.000000,58.930591,-5.000000,-15.532905,1.151813,337.839728
208.002080,6.000000,-107.855879,-90.000000,16.306630,0.049247,0.750000,0.001195,-197.008772,621.540791,0.000000,58.930357,-0.000000,0.011724,-0.000000,-0.000000,-0.000000,58.930357,-5.000000,-15.521153,1.153553,337.899837
209.002090,6.000000,-107.868532,-90.000000,16.295459,0.049206,0.750000,0.001194,-202.008822,606.025382,0.000000,58.930249,-0.000000,0.011710,-0.000000,-0.000000,-0.000000,58.930249,-5.000000,-15.509416,1.155297,337.959898
210.002100,6.000000,-107.881181,-90.000000,16.284308,0.049165,0.750000,0.001192,-207.008872,590.521700,0.000000,58.930142,-0.000000,0.011692,-0.000000,-0.000000,-0.000000,58.930142,-5.000000,-15.497700,1.157043,338.019913
211.002110,6.000000,-135.800755,-90.000000,6.974281,0.022844,0.750000,0.597821,-212.008922,577.596633,0.000000,92.923744,-0.000000,5.864622,-0.000000,-0.000000,-0.000000,92.923744,-5.000000,-4.862159,1.158496,338.069613
212.002120,6.000000,-142.229826,-90.000000,6.325319,0.021125,0.750000,0.002812,-217.008972,573.549117,0.000000,59.021453,-0.000000,0.027590,-0.000000,-0.000000,-0.000000,59.021453,-5.000000,-3.874230,1.158952,338.085804
213.002130,6.000000,-142.271867,-90.000000,6.321727,0.021115,0.750000,0.000091,-222.009022,569.679393,0.000000,58.865308,-0.000000,0.000889,-0.000000,-0.000000,-0.000000,58.865308,-5.000000,-3.868362,1.159395,338.100282
214.002140,6.000000,-142.277287,-90.000000,6.321264,0.021113,0.750000,0.000075,-227.009072,565.811379,0.000000,58.864403,-0.000000,0.000734,-0.000000,-0.000000,-0.000000,58.864403,-5.000000,-3.867606,1.159831,338.115660
215.002150,6.000000,-142.282486,-90.000000,6.320820,0.021111,0.750000,0.000075,-232.009122,561.944097,0.000000,58.864421,-0.000000,0.000738,-0.000000,-0.000000,-0.000000,58.864421,-5.000000,-3.866881,1.160266,338.130224
216.002160,6.000000,-142.287680,-90.000000,6.320377,0.021108,0.750000,0.000075,-237.009172,558.077540,0.000000,58.864429,-0.000000,0.000738,-0.000000,-0.000000,-0.000000,58.864429,-5.000000,-3.866157,1.160701,338.145690
217.002170,6.000000,-142.292921,-90.000000,6.319930,0.021106,0.750000,0.000072,-242.009222,554.211714,0.000000,58.864265,-0.000000,0.000711,-0.000000,-0.000000,-0.000000,58.864265,-5.000000,-3.865426,1.161137,338.160153
218.002180,6.000000,-142.298115,-90.000000,6.319487,0.021104,0.750000,0.000072,-247.009272,550.346614,0.000000,58.864264,-0.000000,0.000711,-0.000000,-0.000000,-0.000000,58.864264,-5.000000,-3.864702,1.161572,338.175614
219.002190,6.000000,-142.303306,-90.000000,6.319045,0.021102,0.750000,0.000072,-252.009322,546.482237,0.000000,58.864265,-0.000000,0.000711,-0.000000,-0.000000,-0.000000,58.864265,-5.000000,-3.863978,1.162007,338.190071
220.002200,6.000000,-142.308538,-90.000000,6.318599,0.021100,0.750000,0.000075,-257.009372,542.618584,0.000000,58.864428,-0.000000,0.000738,-0.000000,-0.000000,-0.000000,58.864428,-5.000000,-3.863249,1.162449,338.204835
221.002210,6.000000,-142.313722,-90.000000,6.318157,0.021098,0.750000,0.000075,-262.009422,538.755660,0.000000,58.864393,-0.000000,0.000732,-0.000000,-0.000000,-0.000000,58.864393,-5.000000,-3.862527,1.162883,338.219977
222.002220,6.000000,-142.318898,-90.000000,6.317716,0.021096,0.750000,0.000074,-267.009472,534.893459,0.000000,58.864382,-0.000000,0.000730,-0.000000,-0.000000,-0.000000,58.864382,-5.000000,-3.861806,1.163317,338.234873
223.002230,6.000000,-142.324154,-90.000000,6.317269,0.021094,0.750000,0.000073,-272.009522,531.031983,0.000000,58.864281,-0.000000,0.000714,-0.000000,-0.000000,-0.000000,58.864281,-5.000000,-3.861073,1.163756,338.249872
224.002240,6.000000,-142.329328,-90.000000,6.316828,0.021092,0.750000,0.000073,-277.009572,527.171232,0.000000,58.864284,-0.000000,0.000714,-0.000000,-0.000000,-0.000000,58.864284,-5.000000,-3.860353,1.164191,338.264315
225.002250,6.000000,-142.334512,-90.000000,6.316387,0.021090,0.750000,0.000075,-282.009622,523.311201,0.000000,58.864409,-0.000000,0.000735,-0.000000,-0.000000,-0.000000,58.864409,-5.000000,-3.859631,1.164629,338.279755
226.002260,6.000000,-142.339692,-90.000000,6.315946,0.021088,0.750000,0.000073,-287.009672,519.451897,0.000000,58.864324,-0.000000,0.000720,-0.000000,-0.000000,-0.000000,58.864324,-5.000000,-3.858909,1.165063,338.294192
227.002270,6.000000,-142.344944,-90.000000,6.315500,0.021085,0.750000,0.000074,-292.009722,515.593316,0.000000,58.864326,-0.000000,0.000722,-0.000000,-0.000000,-0.000000,58.864326,-5.000000,-3.858178,1.165505,338.309627
228.002280,6.000000,-142.350106,-90.000000,6.315061,0.021083,0.750000,0.000075,-297.009772,511.735459,0.000000,58.864395,-0.000000,0.000732,-0.000000,-0.000000,-0.000000,58.864395,-5.000000,-3.857459,1.165940,338.324058
229.002290,6.000000,-142.355292,-90.000000,6.314620,0.021081,0.750000,0.000072,-302.009822,507.878327,0.000000,58.864249,-0.000000,0.000707,-0.000000,-0.000000,-0.000000,58.864249,-5.000000,-3.856737,1.166374,338.339426
230.002300,6.000000,-142.360524,-90.000000,6.314175,0.021079,0.750000,0.000075,-307.009872,504.021915,0.000000,58.864396,-0.000000,0.000733,-0.000000,-0.000000,-0.000000,58.864396,-5.000000,-3.856009,1.166817,338.353912
231.002310,6.000000,-142.365673,-90.000000,6.313738,0.021077,0.750000,0.000074,-312.009922,500.166226,0.000000,58.864378,-0.000000,0.000730,-0.000000,-0.000000,-0.000000,58.864378,-5.000000,-3.855293,1.167251,338.369335
232.002320,6.000000,-142.370870,-90.000000,6.313296,0.021075,0.750000,0.000072,-317.009972,496.311261,0.000000,58.864219,-0.000000,0.000703,-0.000000,-0.000000,-0.000000,58.864219,-5.000000,-3.854570,1.167686,338.383755
233.002330,6.000000,-142.376070,-90.000000,6.312854,0.021073,0.750000,0.000075,-322.010022,492.457014,0.000000,58.864386,-0.000000,0.000731,-0.000000,-0.000000,-0.000000,58.864386,-5.000000,-3.853846,1.168127,338.398400
234.002340,6.000000,-142.381212,-90.000000,6.312418,0.021071,0.750000,0.000074,-327.010072,488.603489,0.000000,58.864356,-0.000000,0.000726,-0.000000,-0.000000,-0.000000,58.864356,-5.000000,-3.853131,1.168561,338.413586
235.002350,6.000000,-142.386420,-90.000000,6.311976,0.021069,0.750000,0.000072,-332.010122,484.750686,0.000000,58.864226,-0.000000,0.000704,-0.000000,-0.000000,-0.000000,58.864226,-5.000000,-3.852407,1.168997,338.428373
236.002360,6.000000,-142.391588,-90.000000,6.311537,0.021067,0.750000,0.000074,-337.010172,480.898599,0.000000,58.864375,-0.000000,0.000729,-0.000000,-0.000000,-0.000000,58.864375,-5.000000,-3.851688,1.169437,338.443406
237.002370,6.000000,-142.396725,-90.000000,6.311101,0.021065,0.750000,0.000073,-342.010222,477.047233,0.000000,58.864325,-0.000000,0.000721,-0.000000,-0.000000,-0.000000,58.864325,-5.000000,-3.850974,1.169870,338.457811
238.002380,6.000000,-142.401956,-90.000000,6.310658,0.021063,0.750000,0.000074,-347.010272,473.196586,0.000000,58.864370,-0.000000,0.000728,-0.000000,-0.000000,-0.000000,58.864370,-5.000000,-3.850247,1.170312,338.473214
239.002390,6.000000,-142.407093,-90.000000,6.310222,0.021061,0.750000,0.000073,-352.010322,469.346663,0.000000,58.864294,-0.000000,0.000715,-0.000000,-0.000000,-0.000000,58.864294,-5.000000,-3.849532,1.170745,338.487613
240.002400,6.000000,-142.412304,-90.000000,6.309780,0.021058,0.750000,0.000073,-357.010372,465.497455,0.000000,58.864271,-0.000000,0.000712,-0.000000,-0.000000,-0.000000,58.864271,-5.000000,-3.848808,1.171185,338.502759
241.002410,6.000000,-142.417427,-90.000000,6.309346,0.021056,0.750000,0.000074,-362.010422,461.648964,0.000000,58.864353,-0.000000,0.000726,-0.000000,-0.000000,-0.000000,58.864353,-5.000000,-3.848096,1.171620,338.517404
242.002420,6.000000,-142.422653,-90.000000,6.308903,0.021054,0.750000,0.000073,-367.010472,457.801194,0.000000,58.864313,-0.000000,0.000720,-0.000000,-0.000000,-0.000000,58.864313,-5.000000,-3.847370,1.172062,338.532696
243.002430,6.000000,-142.427765,-90.000000,6.308470,0.021052,0.750000,0.000074,-372.010522,453.954141,0.000000,58.864343,-0.000000,0.000724,-0.000000,-0.000000,-0.000000,58.864343,-5.000000,-3.846660,1.172495,338.547183
244.002440,6.000000,-142.432985,-90.000000,6.308028,0.021050,0.750000,0.000074,-377.010572,450.107807,0.000000,58.864351,-0.000000,0.000725,-0.000000,-0.000000,-0.000000,58.864351,-5.000000,-3.845935,1.172938,338.562569
245.002450,6.000000,-142.438091,-90.000000,6.307595,0.021048,0.750000,0.000074,-382.010622,446.262190,0.000000,58.864331,-0.000000,0.000722,-0.000000,-0.000000,-0.000000,58.864331,-5.000000,-3.845226,1.173370,338.576951
246.002460,6.000000,-142.443303,-90.000000,6.307154,0.021046,0.750000,0.000074,-387.010672,442.417289,0.000000,58.864345,-0.000000,0.000724,-0.000000,-0.000000,-0.000000,58.864345,-5.000000,-3.844502,1.173812,338.591539
247.002470,6.000000,-142.448405,-90.000000,6.306722,0.021044,0.750000,0.000073,-392.010722,438.573105,0.000000,58.864316,-0.000000,0.000719,-0.000000,-0.000000,-0.000000,58.864316,-5.000000,-3.843793,1.174244,338.606708
248.002480,6.000000,-142.453609,-90.000000,6.306282,0.021042,0.750000,0.000074,-397.010772,434.729636,0.000000,58.864338,-0.000000,0.000723,-0.000000,-0.000000,-0.000000,58.864338,-5.000000,-3.843071,1.174686,338.621446
249.002490,6.000000,-142.458785,-90.000000,6.305844,0.021040,0.750000,0.000071,-402.010822,430.886890,0.000000,58.864189,-0.000000,0.000698,-0.000000,-0.000000,-0.000000,58.864189,-5.000000,-3.842353,1.175122,338.636452
250.002500,6.000000,-142.463903,-90.000000,6.305412,0.021038,0.750000,0.000074,-407.010872,427.044853,0.000000,58.864329,-0.000000,0.000721,-0.000000,-0.000000,-0.000000,58.864329,-5.000000,-3.841642,1.175560,338.650821
251.002510,6.000000,-142.469085,-90.000000,6.304973,0.021036,0.750000,0.000071,-412.010922,423.203535,0.000000,58.864205,-0.000000,0.000701,-0.000000,-0.000000,-0.000000,58.864205,-5.000000,-3.840923,1.175998,338.666186
252.002520,6.000000,-142.474184,-90.000000,6.304542,0.021034,0.750000,0.000073,-417.010972,419.362926,0.000000,58.864320,-0.000000,0.000720,-0.000000,-0.000000,-0.000000,58.864320,-5.000000,-3.840216,1.176433,338.680548
253.002530,6.000000,-142.479377,-90.000000,6.304104,0.021032,0.750000,0.000073,-422.011022,415.523034,0.000000,58.864322,-0.000000,0.000720,-0.000000,-0.000000,-0.000000,58.864322,-5.000000,-3.839495,1.176875,338.695669
254.002540,6.000000,-142.484565,-90.000000,6.303665,0.021030,0.750000,0.000072,-427.011072,411.683862,0.000000,58.864254,-0.000000,0.000709,-0.000000,-0.000000,-0.000000,58.864254,-5.000000,-3.838775,1.177315,338.710265
255.002550,6.000000,-142.489641,-90.000000,6.303237,0.021028,0.750000,0.000073,-432.011122,407.845400,0.000000,58.864306,-0.000000,0.000718,-0.000000,-0.000000,-0.000000,58.864306,-5.000000,-3.838071,1.177748,338.724618
256.002560,6.000000,-142.494823,-90.000000,6.302799,0.021025,0.750000,0.000073,-437.011172,404.007651,0.000000,58.864312,-0.000000,0.000719,-0.000000,-0.000000,-0.000000,58.864312,-5.000000,-3.837353,1.178189,338.739969
257.002570,6.000000,-142.499938,-90.000000,6.302367,0.021023,0.750000,0.000070,-442.011222,400.170620,0.000000,58.864138,-0.000000,0.000690,-0.000000,-0.000000,-0.000000,58.864138,-5.000000,-3.836644,1.178621,338.754403
258.002580,6.000000,-142.505067,-90.000000,6.301934,0.021021,0.750000,0.000073,-447.011272,396.334293,0.000000,58.864305,-0.000000,0.000717,-0.000000,-0.000000,-0.000000,58.864305,-5.000000,-3.835932,1.179062,338.769663
259.002590,6.000000,-142.510242,-90.000000,6.301498,0.021019,0.750000,0.000073,-452.011322,392.498683,0.000000,58.864303,-0.000000,0.000717,-0.000000,-0.000000,-0.000000,58.864303,-5.000000,-3.835215,1.179503,338.784005
260.002600,6.000000,-142.515414,-90.000000,6.301062,0.021017,0.750000,0.000073,-457.011372,388.663790,0.000000,58.864300,-0.000000,0.000717,-0.000000,-0.000000,-0.000000,58.864300,-5.000000,-3.834498,1.179944,338.799345
261.002610,6.000000,-142.520475,-90.000000,6.300635,0.021015,0.750000,0.000072,-462.011422,384.829607,0.000000,58.864261,-0.000000,0.000710,-0.000000,-0.000000,-0.000000,58.864261,-5.000000,-3.833797,1.180375,338.813682
262.002620,6.000000,-142.525632,-90.000000,6.300200,0.021013,0.750000,0.000073,-467.011472,380.996130,0.000000,58.864293,-0.000000,0.000716,-0.000000,-0.000000,-0.000000,58.864293,-5.000000,-3.833082,1.180815,338.828514
263.002630,6.000000,-142.530795,-90.000000,6.299765,0.021011,0.750000,0.000073,-472.011522,377.163369,0.000000,58.864290,-0.000000,0.000715,-0.000000,-0.000000,-0.000000,58.864290,-5.000000,-3.832367,1.181256,338.843347
264.002640,6.000000,-142.535955,-90.000000,6.299330,0.021009,0.750000,0.000073,-477.011572,373.331323,0.000000,58.864287,-0.000000,0.000714,-0.000000,-0.000000,-0.000000,58.864287,-5.000000,-3.831652,1.181697,338.858340
265.002650,6.000000,-142.541016,-90.000000,6.298904,0.021007,0.750000,0.000071,-482.011622,369.499988,0.000000,58.864195,-0.000000,0.000699,-0.000000,-0.000000,-0.000000,58.864195,-5.000000,-3.830951,1.182128,338.873000
266.002660,6.000000,-142.546149,-90.000000,6.298471,0.021005,0.750000,0.000073,-487.011672,365.669354,0.000000,58.864280,-0.000000,0.000713,-0.000000,-0.000000,-0.000000,58.864280,-5.000000,-3.830240,1.182568,338.887323
267.002670,6.000000,-142.551299,-90.000000,6.298038,0.021003,0.750000,0.000073,-492.011722,361.839434,0.000000,58.864277,-0.000000,0.000713,-0.000000,-0.000000,-0.000000,58.864277,-5.000000,-3.829527,1.183008,338.902642
268.002680,6.000000,-142.556447,-90.000000,6.297604,0.021001,0.750000,0.000073,-497.011772,358.010227,0.000000,58.864274,-0.000000,0.000712,-0.000000,-0.000000,-0.000000,58.864274,-5.000000,-3.828815,1.183449,338.916964
269.002690,6.000000,-142.561591,-90.000000,6.297171,0.020999,0.750000,0.000073,-502.011822,354.181732,0.000000,58.864271,-0.000000,0.000712,-0.000000,-0.000000,-0.000000,58.864271,-5.000000,-3.828103,1.183889,338.932273
270.002700,6.000000,-142.566675,-90.000000,6.296744,0.020997,0.750000,0.000070,-507.011872,350.353947,0.000000,58.864102,-0.000000,0.000684,-0.000000,-0.000000,-0.000000,58.864102,-5.000000,-3.827399,1.184321,338.946584
271.002710,6.000000,-142.571754,-90.000000,6.296317,0.020995,0.750000,0.000072,-512.011922,346.526861,0.000000,58.864263,-0.000000,0.000711,-0.000000,-0.000000,-0.000000,58.864263,-5.000000,-3.826696,1.184759,338.961156
272.002720,6.000000,-142.576888,-90.000000,6.295885,0.020993,0.750000,0.000072,-517.011972,342.700484,0.000000,58.864262,-0.000000,0.000710,-0.000000,-0.000000,-0.000000,58.864262,-5.000000,-3.825985,1.185199,338.976198
273.002730,6.000000,-142.582020,-90.000000,6.295453,0.020991,0.750000,0.000072,-522.012022,338.874817,0.000000,58.864258,-0.000000,0.000710,-0.000000,-0.000000,-0.000000,58.864258,-5.000000,-3.825275,1.185639,338.990938
274.002740,6.000000,-142.587149,-90.000000,6.295022,0.020989,0.750000,0.000072,-527.012072,335.049860,0.000000,58.864255,-0.000000,0.000709,-0.000000,-0.000000,-0.000000,58.864255,-5.000000,-3.824566,1.186079,339.005801
275.002750,6.000000,-142.592275,-90.000000,6.294592,0.020987,0.750000,0.000072,-532.012122,331.225612,0.000000,58.864252,-0.000000,0.000709,-0.000000,-0.000000,-0.000000,58.864252,-5.000000,-3.823857,1.186519,339.020098
